IBGE6,Município,População_estimada,CRS,Macro,Região_saude,lat,lon
430003,Aceguá,4251,7,Sul,Região 22 - Pampa,-31.864,-54.165
430005,Água Santa,4003,6,Norte,Região 18 - Araucárias,-28.175,-52.035
430010,Agudo,16341,4,Centro-Oeste,Região 01 - Verdes Campos,-29.646,-53.259
430020,Ajuricaba,6843,17,Missioneira,Região 13 - Diversidade,-28.238,-53.773
430030,Alecrim,6219,14,Missioneira,Região 14 - Fronteira Noroeste,-27.661,-54.767
430040,Alegrete,74285,10,Centro-Oeste,Região 03 - Fronteira Oeste,-29.782,-55.796
430045,Alegria,3705,14,Missioneira,Região 14 - Fronteira Noroeste,-27.837,-54.057
430047,Almirante Tamandaré do Sul,2007,6,Norte,Região 17 - Planalto,-28.114,-52.914
430050,Alpestre,7235,2,Norte,Região 15 - Caminho das Águas,-27.249,-53.037
430055,Alto Alegre,1837,6,Norte,Região 19 - Botucaraí,-28.775,-52.991
430057,Alto Feliz,3145,5,Serra,Região 26 - Uva Vale,-29.39,-51.316
430060,Alvorada,194062,1,Metropolitana,Região 10 - Capital e Vale do Gravataí,-29.998,-51.078
430063,Amaral Ferrador,5384,3,Sul,Região 21 - Sul,-30.875,-52.251
430064,Ametista do Sul,7826,2,Norte,Região 15 - Caminho das Águas,-27.356,-53.192
430066,André da Rocha,1156,6,Norte,Região 18 - Araucárias,-28.632,-51.574
430070,Anta Gorda,6080,16,Vales,Região 29 - Vales e Montanhas,-28.971,-52.016
430080,Antônio Prado,13332,5,Serra,Região 26 - Uva Vale,-28.855,-51.284
430085,Arambaré,4215,1,Metropolitana,Região 09 - Carbonífera/Costa Doce,-30.909,-51.501
430087,Araricá,8831,1,Metropolitana,Região 07 - Vale dos Sinos,-29.617,-50.926
430090,Aratiba,6618,11,Norte,Região 16 - Alto Uruguai Gaúcho,-27.394,-52.304
430100,Arroio do Meio,22523,16,Vales,Região 29 - Vales e Montanhas,-29.399,-51.947
430107,Arroio do Padre,2650,3,Sul,Região 21 - Sul,-31.441,-52.433
430105,Arroio do Sal,11418,18,Metropolitana,Região 04 - Belas Praias,-29.593,-49.933
430120,Arroio do Tigre,12291,8,Vales,Região 27 - Jacuí Centro,-29.336,-53.086
430110,Arroio dos Ratos,14934,1,Metropolitana,Região 09 - Carbonífera/Costa Doce,-30.09,-51.734
430130,Arroio Grande,17879,3,Sul,Região 21 - Sul,-32.236,-53.082
430140,Arvorezinha,10547,6,Norte,Região 19 - Botucaraí,-28.873,-52.18
430150,Augusto Pestana,7303,17,Missioneira,Região 13 - Diversidade,-28.513,-53.99
430155,Áurea,3458,11,Norte,Região 16 - Alto Uruguai Gaúcho,-27.694,-52.054
430160,Bagé,121928,7,Sul,Região 22 - Pampa,-31.331,-54.107
430163,Balneário Pinhal,15413,18,Metropolitana,Região 05 - Bons Ventos,-30.24,-50.237
430165,Barão,6496,1,Metropolitana,Região 08 - Vale do Caí e Metropolitana,-29.381,-51.498
430170,Barão de Cotegipe,7320,11,Norte,Região 16 - Alto Uruguai Gaúcho,-27.617,-52.378
430175,Barão do Triunfo,5972,1,Metropolitana,Região 09 - Carbonífera/Costa Doce,-30.391,-51.738
430185,Barra do Guarita,3231,2,Norte,Região 15 - Caminho das Águas,-27.188,-53.714
430187,Barra do Quaraí,4340,10,Centro-Oeste,Região 03 - Fronteira Oeste,-30.211,-57.557
430190,Barra do Ribeiro,12473,1,Metropolitana,Região 09 - Carbonífera/Costa Doce,-30.293,-51.301
430192,Barra do Rio Azul,1721,11,Norte,Região 16 - Alto Uruguai Gaúcho,-27.409,-52.414
430195,Barra Funda,2557,15,Norte,Região 20 - Rota da Produção,-27.924,-53.036
430180,Barracão,4915,6,Norte,Região 18 - Araucárias,-27.68,-51.46
430200,Barros Cassal,9425,6,Norte,Região 19 - Botucaraí,-29.088,-52.588
430205,Benjamin Constant do Sul,2118,11,Norte,Região 16 - Alto Uruguai Gaúcho,-27.509,-52.602
430210,Bento Gonçalves,127977,5,Serra,Região 25 - Vinhedos e Basalto,-29.167,-51.516
430215,Boa Vista das Missões,1968,15,Norte,Região 20 - Rota da Produção,-27.666,-53.313
430220,Boa Vista do Buricá,7129,14,Missioneira,Região 14 - Fronteira Noroeste,-27.672,-54.11
430222,Boa Vista do Cadeado,2269,9,Missioneira,Região 12 - Portal das Missões,-28.577,-53.814
430223,Boa Vista do Incra,2314,9,Missioneira,Região 12 - Portal das Missões,-28.819,-53.389
430225,Boa Vista do Sul,2815,5,Serra,Região 25 - Vinhedos e Basalto,-29.35,-51.677
430230,Bom Jesus,11429,5,Serra,Região 24 - Campos de Cima da Serra,-28.671,-50.433
430235,Bom Princípio,13665,5,Serra,Região 26 - Uva Vale,-29.495,-51.356
430237,Bom Progresso,2132,2,Norte,Região 15 - Caminho das Águas,-27.547,-53.867
430240,Bom Retiro do Sul,12587,16,Vales,Região 30 - Vale da Luz,-29.607,-51.944
430245,Boqueirão do Leão,6202,16,Vales,Região 29 - Vales e Montanhas,-29.305,-52.428
430250,Bossoroca,5978,12,Missioneira,Região 11 - Sete Povos das Missões,-28.731,-54.91
430258,Bozano,2195,17,Missioneira,Região 13 - Diversidade,-28.366,-53.772
430260,Braga,3322,15,Norte,Região 20 - Rota da Produção,-27.619,-53.744
430265,Brochier,5083,1,Metropolitana,Região 08 - Vale do Caí e Metropolitana,-29.556,-51.589
430270,Butiá,19421,1,Metropolitana,Região 09 - Carbonífera/Costa Doce,-30.116,-51.962
430280,Caçapava do Sul,33501,8,Vales,Região 27 - Jacuí Centro,-30.515,-53.488
430290,Cacequi,11300,4,Centro-Oeste,Região 02 - Entre Rios,-29.88,-54.828
430300,Cachoeira do Sul,82222,8,Vales,Região 27 - Jacuí Centro,-30.046,-52.893
430310,Cachoeirinha,141503,1,Metropolitana,Região 10 - Capital e Vale do Gravataí,-29.951,-51.094
430320,Cacique Doble,4692,6,Norte,Região 18 - Araucárias,-27.768,-51.664
430330,Caibaté,4795,12,Missioneira,Região 11 - Sete Povos das Missões,-28.291,-54.638
430340,Caiçara,4931,2,Norte,Região 15 - Caminho das Águas,-27.281,-53.432
430350,Camaquã,63961,1,Metropolitana,Região 09 - Carbonífera/Costa Doce,-30.851,-51.815
430355,Camargo,3060,6,Norte,Região 17 - Planalto,-28.589,-52.204
430360,Cambará do Sul,6490,1,Metropolitana,Região 06 - Vale do Paranhana e Costa Serra,-29.048,-50.144
430367,Campestre da Serra,3311,5,Serra,Região 24 - Campos de Cima da Serra,-28.797,-51.096
430370,Campina das Missões,5999,14,Missioneira,Região 14 - Fronteira Noroeste,-27.992,-54.845
430380,Campinas do Sul,5388,11,Norte,Região 16 - Alto Uruguai Gaúcho,-27.712,-52.633
430390,Campo Bom,64719,1,Metropolitana,Região 07 - Vale dos Sinos,-29.676,-51.059
430400,Campo Novo,5063,17,Missioneira,Região 13 - Diversidade,-27.675,-53.803
430410,Campos Borges,3695,6,Norte,Região 19 - Botucaraí,-28.892,-52.999
430420,Candelária,29775,13,Vales,Região 28 - Vale do Rio Pardo,-29.671,-52.79
430430,Cândido Godói,6419,14,Missioneira,Região 14 - Fronteira Noroeste,-27.951,-54.753
430435,Candiota,11012,7,Sul,Região 22 - Pampa,-31.561,-53.678
430440,Canela,50715,5,Serra,Região 23 - Caxias e Hortênsias,-29.358,-50.815
430450,Canguçu,50968,3,Sul,Região 21 - Sul,-31.394,-52.676
430460,Canoas,359840,1,Metropolitana,Região 08 - Vale do Caí e Metropolitana,-29.919,-51.181
430461,Canudos do Vale,1686,16,Vales,Região 29 - Vales e Montanhas,-29.324,-52.232
430462,Capão Bonito do Sul,1769,6,Norte,Região 18 - Araucárias,-28.126,-51.395
430463,Capão da Canoa,66234,18,Metropolitana,Região 04 - Belas Praias,-29.762,-50.02
430465,Capão do Cipó,3187,4,Centro-Oeste,Região 02 - Entre Rios,-28.932,-54.555
430466,Capão do Leão,27416,3,Sul,Região 21 - Sul,-31.767,-52.487
430468,Capela de Santana,11424,1,Metropolitana,Região 08 - Vale do Caí e Metropolitana,-29.702,-51.322
430469,Capitão,2994,16,Vales,Região 29 - Vales e Montanhas,-29.27,-51.986
430467,Capivari do Sul,4080,18,Metropolitana,Região 05 - Bons Ventos,-30.15,-50.509
430471,Caraá,7555,18,Metropolitana,Região 05 - Bons Ventos,-29.779,-50.436
430470,Carazinho,63670,6,Norte,Região 17 - Planalto,-28.287,-52.792
430480,Carlos Barbosa,31585,5,Serra,Região 25 - Vinhedos e Basalto,-29.298,-51.504
430485,Carlos Gomes,1384,11,Norte,Região 16 - Alto Uruguai Gaúcho,-27.715,-51.918
430490,Casca,9698,6,Norte,Região 17 - Planalto,-28.56,-51.983
430495,Caseiros,3064,6,Norte,Região 18 - Araucárias,-28.274,-51.693
430500,Catuípe,8834,17,Missioneira,Região 13 - Diversidade,-28.254,-54.012
430510,Caxias do Sul,479599,5,Serra,Região 23 - Caxias e Hortênsias,-29.167,-51.179
430511,Centenário,2777,11,Norte,Região 16 - Alto Uruguai Gaúcho,-27.763,-52.002
430512,Cerrito,5910,3,Sul,Região 21 - Sul,-31.853,-52.815
430513,Cerro Branco,3859,8,Vales,Região 27 - Jacuí Centro,-29.656,-52.942
430515,Cerro Grande,2428,15,Norte,Região 20 - Rota da Produção,-27.608,-53.166
430517,Cerro Grande do Sul,9333,1,Metropolitana,Região 09 - Carbonífera/Costa Doce,-30.602,-51.753
430520,Cerro Largo,14014,12,Missioneira,Região 11 - Sete Povos das Missões,-28.148,-54.74
430530,Chapada,9751,15,Norte,Região 20 - Rota da Produção,-28.059,-53.067
430535,Charqueadas,36110,1,Metropolitana,Região 09 - Carbonífera/Costa Doce,-29.957,-51.625
430537,Charrua,2800,11,Norte,Região 16 - Alto Uruguai Gaúcho,-27.953,-52.029
430540,Chiapetta,3991,17,Missioneira,Região 13 - Diversidade,-27.917,-53.946
430543,Chuí,6409,3,Sul,Região 21 - Sul,-33.688,-53.463
430544,Chuvisca,4682,1,Metropolitana,Região 09 - Carbonífera/Costa Doce,-30.757,-51.979
430545,Cidreira,17583,18,Metropolitana,Região 05 - Bons Ventos,-30.181,-50.209
430550,Ciríaco,4208,6,Norte,Região 17 - Planalto,-28.344,-51.883
430558,Colinas,2474,16,Vales,Região 30 - Vale da Luz,-29.393,-51.869
430560,Colorado,3316,9,Missioneira,Região 12 - Portal das Missões,-28.523,-52.993
430570,Condor,6538,17,Missioneira,Região 13 - Diversidade,-28.205,-53.489
430580,Constantina,10631,15,Norte,Região 20 - Rota da Produção,-27.73,-52.988
430583,Coqueiro Baixo,1308,16,Vales,Região 29 - Vales e Montanhas,-29.179,-52.095
430585,Coqueiros do Sul,2248,6,Norte,Região 17 - Planalto,-28.117,-52.779
430587,Coronel Barros,2896,17,Missioneira,Região 13 - Diversidade,-28.385,-54.074
430590,Coronel Bicaco,6214,15,Norte,Região 20 - Rota da Produção,-27.718,-53.709
430593,Coronel Pilar,1637,5,Serra,Região 25 - Vinhedos e Basalto,-29.273,-51.685
430595,Cotiporã,3926,5,Serra,Região 25 - Vinhedos e Basalto,-28.999,-51.696
430597,Coxilha,2718,6,Norte,Região 17 - Planalto,-28.121,-52.3
430600,Crissiumal,13116,17,Missioneira,Região 13 - Diversidade,-27.498,-54.1
430605,Cristal,7455,1,Metropolitana,Região 09 - Carbonífera/Costa Doce,-30.999,-52.049
430607,Cristal do Sul,2745,2,Norte,Região 15 - Caminho das Águas,-27.454,-53.249
430610,Cruz Alta,60454,9,Missioneira,Região 12 - Portal das Missões,-28.642,-53.605
430613,Cruzaltense,1650,11,Norte,Região 16 - Alto Uruguai Gaúcho,-27.665,-52.648
430620,Cruzeiro do Sul,12574,16,Vales,Região 29 - Vales e Montanhas,-29.508,-51.992
430630,David Canabarro,4400,6,Norte,Região 17 - Planalto,-28.385,-51.852
430632,Derrubadas,2793,2,Norte,Região 15 - Caminho das Águas,-27.265,-53.865
430635,Dezesseis de Novembro,2540,12,Missioneira,Região 11 - Sete Povos das Missões,-28.227,-55.048
430637,Dilermando de Aguiar,2856,4,Centro-Oeste,Região 01 - Verdes Campos,-29.702,-54.214
430640,Dois Irmãos,31804,1,Metropolitana,Região 07 - Vale dos Sinos,-29.584,-51.088
430642,Dois Irmãos das Missões,2132,15,Norte,Região 20 - Rota da Produção,-27.658,-53.531
430645,Dois Lajeados,3156,16,Vales,Região 29 - Vales e Montanhas,-28.975,-51.835
430650,Dom Feliciano,13280,1,Metropolitana,Região 09 - Carbonífera/Costa Doce,-30.709,-52.104
430660,Dom Pedrito,38080,7,Sul,Região 22 - Pampa,-30.981,-54.674
430655,Dom Pedro de Alcântara,2617,18,Metropolitana,Região 04 - Belas Praias,-29.37,-49.85
430670,Dona Francisca,3133,4,Centro-Oeste,Região 01 - Verdes Campos,-29.625,-53.362
430673,Doutor Maurício Cardoso,4534,14,Missioneira,Região 14 - Fronteira Noroeste,-27.509,-54.358
430675,Doutor Ricardo,1924,16,Vales,Região 29 - Vales e Montanhas,-29.099,-51.985
430676,Eldorado do Sul,41012,1,Metropolitana,Região 09 - Carbonífera/Costa Doce,-29.999,-51.31
430680,Encantado,23520,16,Vales,Região 29 - Vales e Montanhas,-29.24,-51.873
430690,Encruzilhada do Sul,24275,8,Vales,Região 27 - Jacuí Centro,-30.544,-52.522
430692,Engenho Velho,1315,15,Norte,Região 20 - Rota da Produção,-27.709,-52.912
430695,Entre Rios do Sul,2727,11,Norte,Região 16 - Alto Uruguai Gaúcho,-27.529,-52.735
430693,Entre-Ijuís,9367,12,Missioneira,Região 11 - Sete Povos das Missões,-28.363,-54.271
430697,Erebango,3122,11,Norte,Região 16 - Alto Uruguai Gaúcho,-27.849,-52.3
430700,Erechim,109609,11,Norte,Região 16 - Alto Uruguai Gaúcho,-27.633,-52.276
430705,Ernestina,3097,6,Norte,Região 17 - Planalto,-28.497,-52.572
430720,Erval Grande,5027,11,Norte,Região 16 - Alto Uruguai Gaúcho,-27.393,-52.57
430730,Erval Seco,6892,2,Norte,Região 15 - Caminho das Águas,-27.549,-53.51
430740,Esmeralda,3264,5,Serra,Região 24 - Campos de Cima da Serra,-28.057,-51.189
430745,Esperança do Sul,3293,2,Norte,Região 15 - Caminho das Águas,-27.36,-53.993
430750,Espumoso,15478,6,Norte,Região 19 - Botucaraí,-28.731,-52.842
430755,Estação,5685,11,Norte,Região 16 - Alto Uruguai Gaúcho,-27.909,-52.271
430760,Estância Velha,49499,1,Metropolitana,Região 07 - Vale dos Sinos,-29.65,-51.174
430770,Esteio,78144,1,Metropolitana,Região 08 - Vale do Caí e Metropolitana,-29.852,-51.144
430780,Estrela,33263,16,Vales,Região 30 - Vale da Luz,-29.504,-51.97
430781,Estrela Velha,3115,8,Vales,Região 27 - Jacuí Centro,-29.18,-53.16
430783,Eugênio de Castro,2683,12,Missioneira,Região 11 - Sete Povos das Missões,-28.525,-54.148
430786,Fagundes Varela,2620,5,Serra,Região 25 - Vinhedos e Basalto,-28.882,-51.691
430790,Farroupilha,72552,5,Serra,Região 26 - Uva Vale,-29.224,-51.348
430800,Faxinal do Soturno,6846,4,Centro-Oeste,Região 01 - Verdes Campos,-29.574,-53.439
430805,Faxinalzinho,2572,11,Norte,Região 16 - Alto Uruguai Gaúcho,-27.425,-52.671
430807,Fazenda Vilanova,4405,16,Vales,Região 30 - Vale da Luz,-29.589,-51.821
430810,Feliz,13994,5,Serra,Região 26 - Uva Vale,-29.454,-51.31
430820,Flores da Cunha,32015,5,Serra,Região 26 - Uva Vale,-29.031,-51.182
430825,Floriano Peixoto,1690,11,Norte,Região 16 - Alto Uruguai Gaúcho,-27.863,-52.086
430830,Fontoura Xavier,9710,6,Norte,Região 19 - Botucaraí,-28.982,-52.345
430840,Formigueiro,6527,4,Centro-Oeste,Região 01 - Verdes Campos,-29.998,-53.5
430843,Forquetinha,2441,16,Vales,Região 29 - Vales e Montanhas,-29.381,-52.097
430845,Fortaleza dos Valos,4569,9,Missioneira,Região 12 - Portal das Missões,-28.788,-53.236
430850,Frederico Westphalen,33726,2,Norte,Região 15 - Caminho das Águas,-27.359,-53.401
430860,Garibaldi,35563,5,Serra,Região 25 - Vinhedos e Basalto,-29.255,-51.53
430865,Garruchos,2724,12,Missioneira,Região 11 - Sete Povos das Missões,-28.19,-55.634
430870,Gaurama,5779,11,Norte,Região 16 - Alto Uruguai Gaúcho,-27.584,-52.1
430880,General Câmara,7743,1,Metropolitana,Região 09 - Carbonífera/Costa Doce,-29.903,-51.763
430885,Gentil,1784,6,Norte,Região 17 - Planalto,-28.434,-52.035
430890,Getúlio Vargas,16955,11,Norte,Região 16 - Alto Uruguai Gaúcho,-27.876,-52.25
430900,Giruá,16273,14,Missioneira,Região 14 - Fronteira Noroeste,-28.03,-54.351
430905,Glorinha,7851,1,Metropolitana,Região 10 - Capital e Vale do Gravataí,-29.877,-50.786
430910,Gramado,41705,5,Serra,Região 23 - Caxias e Hortênsias,-29.38,-50.872
430912,Gramado dos Loureiros,2047,15,Norte,Região 20 - Rota da Produção,-27.444,-52.918
430915,Gramado Xavier,3350,13,Vales,Região 28 - Vale do Rio Pardo,-29.27,-52.578
430920,Gravataí,275430,1,Metropolitana,Região 10 - Capital e Vale do Gravataí,-29.946,-50.991
430925,Guabiju,1441,5,Serra,Região 25 - Vinhedos e Basalto,-28.541,-51.691
430930,Guaíba,95946,1,Metropolitana,Região 09 - Carbonífera/Costa Doce,-30.109,-51.315
430940,Guaporé,26168,5,Serra,Região 25 - Vinhedos e Basalto,-28.849,-51.891
430950,Guarani das Missões,7547,12,Missioneira,Região 11 - Sete Povos das Missões,-28.142,-54.561
430955,Harmonia,5535,1,Metropolitana,Região 08 - Vale do Caí e Metropolitana,-29.549,-51.414
430710,Herval,6302,3,Sul,Região 21 - Sul,-32.027,-53.394
430957,Herveiras,2604,13,Vales,Região 28 - Vale do Rio Pardo,-29.457,-52.65
430960,Horizontina,19252,14,Missioneira,Região 14 - Fronteira Noroeste,-27.63,-54.309
430965,Hulha Negra,6102,7,Sul,Região 22 - Pampa,-31.405,-53.868
430970,Humaitá,4772,17,Missioneira,Região 13 - Diversidade,-27.562,-53.977
430975,Ibarama,3787,8,Vales,Região 27 - Jacuí Centro,-29.421,-53.133
430980,Ibiaçá,4617,6,Norte,Região 18 - Araucárias,-28.049,-51.857
430990,Ibiraiaras,6827,6,Norte,Região 18 - Araucárias,-28.369,-51.635
430995,Ibirapuitã,3789,6,Norte,Região 19 - Botucaraí,-28.615,-52.519
431000,Ibirubá,22106,9,Missioneira,Região 12 - Portal das Missões,-28.628,-53.088
431010,Igrejinha,34776,1,Metropolitana,Região 06 - Vale do Paranhana e Costa Serra,-29.572,-50.799
431020,Ijuí,87848,17,Missioneira,Região 13 - Diversidade,-28.389,-53.918
431030,Ilópolis,4245,16,Vales,Região 29 - Vales e Montanhas,-28.929,-52.122
431033,Imbé,28027,18,Metropolitana,Região 05 - Bons Ventos,-29.975,-50.131
431036,Imigrante,3149,16,Vales,Região 30 - Vale da Luz,-29.352,-51.77
431040,Independência,6557,14,Missioneira,Região 14 - Fronteira Noroeste,-27.847,-54.188
431041,Inhacorá,2047,17,Missioneira,Região 13 - Diversidade,-27.881,-54.013
431043,Ipê,5490,5,Serra,Região 26 - Uva Vale,-28.818,-51.28
431046,Ipiranga do Sul,1748,11,Norte,Região 16 - Alto Uruguai Gaúcho,-27.936,-52.425
431050,Iraí,7619,2,Norte,Região 15 - Caminho das Águas,-27.192,-53.264
431053,Itaara,5712,4,Centro-Oeste,Região 01 - Verdes Campos,-29.603,-53.758
431055,Itacurubi,3038,4,Centro-Oeste,Região 02 - Entre Rios,-28.802,-55.233
431057,Itapuca,1963,6,Norte,Região 19 - Botucaraí,-28.78,-52.172
431060,Itaqui,36811,10,Centro-Oeste,Região 03 - Fronteira Oeste,-29.129,-56.557
431065,Itati,2696,18,Metropolitana,Região 04 - Belas Praias,-29.5,-50.102
431070,Itatiba do Sul,3240,11,Norte,Região 16 - Alto Uruguai Gaúcho,-27.383,-52.452
431075,Ivorá,1962,4,Centro-Oeste,Região 01 - Verdes Campos,-29.52,-53.581
431080,Ivoti,23566,1,Metropolitana,Região 07 - Vale dos Sinos,-29.594,-51.16
431085,Jaboticaba,3847,15,Norte,Região 20 - Rota da Produção,-27.631,-53.284
431087,Jacuizinho,2066,9,Missioneira,Região 12 - Portal das Missões,-29.034,-53.057
431090,Jacutinga,3398,11,Norte,Região 16 - Alto Uruguai Gaúcho,-27.729,-52.543
431100,Jaguarão,27396,3,Sul,Região 21 - Sul,-32.564,-53.378
431110,Jaguari,10771,4,Centro-Oeste,Região 02 - Entre Rios,-29.497,-54.694
431112,Jaquirana,3751,5,Serra,Região 24 - Campos de Cima da Serra,-28.881,-50.358
431113,Jari,3412,4,Centro-Oeste,Região 02 - Entre Rios,-29.29,-54.22
431115,Jóia,7294,17,Missioneira,Região 13 - Diversidade,-28.646,-54.116
431120,Júlio de Castilhos,18545,4,Centro-Oeste,Região 01 - Verdes Campos,-29.226,-53.683
431123,Lagoa Bonita do Sul,2283,8,Vales,Região 27 - Jacuí Centro,-29.494,-53.017
431127,Lagoa dos Três Cantos,1781,6,Norte,Região 17 - Planalto,-28.57,-52.858
431130,Lagoa Vermelha,28622,6,Norte,Região 18 - Araucárias,-28.209,-51.527
431125,Lagoão,5421,6,Norte,Região 19 - Botucaraí,-29.224,-52.775
431140,Lajeado,96879,16,Vales,Região 29 - Vales e Montanhas,-29.466,-51.968
431142,Lajeado do Bugre,2661,15,Norte,Região 20 - Rota da Produção,-27.691,-53.181
431150,Lavras do Sul,7290,7,Sul,Região 22 - Pampa,-30.812,-53.899
431160,Liberato Salzano,4845,2,Norte,Região 15 - Caminho das Águas,-27.597,-53.075
431162,Lindolfo Collor,6420,1,Metropolitana,Região 07 - Vale dos Sinos,-29.601,-51.208
431164,Linha Nova,1721,5,Serra,Região 23 - Caxias e Hortênsias,-29.463,-51.202
431171,Maçambará,4485,10,Centro-Oeste,Região 03 - Fronteira Oeste,-29.146,-56.064
431170,Machadinho,5867,6,Norte,Região 18 - Araucárias,-27.568,-51.668
431173,Mampituba,3203,18,Metropolitana,Região 04 - Belas Praias,-29.211,-49.937
431175,Manoel Viana,6915,10,Centro-Oeste,Região 03 - Fronteira Oeste,-29.581,-55.492
431177,Maquiné,7593,18,Metropolitana,Região 04 - Belas Praias,-29.679,-50.203
431179,Maratá,2521,1,Metropolitana,Região 08 - Vale do Caí e Metropolitana,-29.555,-51.556
431180,Marau,46748,6,Norte,Região 17 - Planalto,-28.449,-52.197
431190,Marcelino Ramos,4382,11,Norte,Região 16 - Alto Uruguai Gaúcho,-27.461,-51.913
431198,Mariana Pimentel,4005,1,Metropolitana,Região 09 - Carbonífera/Costa Doce,-30.354,-51.587
431200,Mariano Moro,1884,11,Norte,Região 16 - Alto Uruguai Gaúcho,-27.353,-52.149
431205,Marques de Souza,4050,16,Vales,Região 29 - Vales e Montanhas,-29.329,-52.098
431210,Mata,4782,4,Centro-Oeste,Região 02 - Entre Rios,-29.569,-54.452
431213,Mato Castelhano,2611,6,Norte,Região 17 - Planalto,-28.276,-52.197
431215,Mato Leitão,5001,13,Vales,Região 28 - Vale do Rio Pardo,-29.525,-52.133
431217,Mato Queimado,1833,12,Missioneira,Região 11 - Sete Povos das Missões,-28.256,-54.617
431220,Maximiliano de Almeida,4251,6,Norte,Região 18 - Araucárias,-27.635,-51.802
431225,Minas do Leão,7661,1,Metropolitana,Região 09 - Carbonífera/Costa Doce,-30.122,-52.051
431230,Miraguaí,4501,15,Norte,Região 20 - Rota da Produção,-27.496,-53.686
431235,Montauri,1530,6,Norte,Região 17 - Planalto,-28.653,-52.076
431237,Monte Alegre dos Campos,3251,5,Serra,Região 24 - Campos de Cima da Serra,-28.685,-50.783
431238,Monte Belo do Sul,2608,5,Serra,Região 25 - Vinhedos e Basalto,-29.16,-51.632
431240,Montenegro,66352,1,Metropolitana,Região 08 - Vale do Caí e Metropolitana,-29.688,-51.461
431242,Mormaço,2815,6,Norte,Região 19 - Botucaraí,-28.693,-52.693
431244,Morrinhos do Sul,3133,18,Metropolitana,Região 04 - Belas Praias,-29.363,-49.933
431245,Morro Redondo,6168,3,Sul,Região 21 - Sul,-31.582,-52.658
431247,Morro Reuter,6167,1,Metropolitana,Região 07 - Vale dos Sinos,-29.539,-51.08
431250,Mostardas,12347,18,Metropolitana,Região 05 - Bons Ventos,-31.108,-50.919
431260,Muçum,4692,16,Vales,Região 29 - Vales e Montanhas,-29.166,-51.866
431261,Muitos Capões,2937,5,Serra,Região 24 - Campos de Cima da Serra,-28.319,-51.185
431262,Muliterno,1754,6,Norte,Região 17 - Planalto,-28.33,-51.769
431265,Não-Me-Toque,18335,6,Norte,Região 17 - Planalto,-28.46,-52.819
431267,Nicolau Vergueiro,1982,6,Norte,Região 17 - Planalto,-28.536,-52.462
431270,Nonoai,14074,11,Norte,Região 16 - Alto Uruguai Gaúcho,-27.355,-52.776
431275,Nova Alvorada,3229,6,Norte,Região 17 - Planalto,-28.677,-52.167
431280,Nova Araçá,5098,5,Serra,Região 25 - Vinhedos e Basalto,-28.658,-51.742
431290,Nova Bassano,9867,5,Serra,Região 25 - Vinhedos e Basalto,-28.724,-51.703
431295,Nova Boa Vista,2089,15,Norte,Região 20 - Rota da Produção,-27.988,-52.982
431300,Nova Bréscia,3104,16,Vales,Região 29 - Vales e Montanhas,-29.217,-52.018
431301,Nova Candelária,3138,14,Missioneira,Região 14 - Fronteira Noroeste,-27.612,-54.104
431303,Nova Esperança do Sul,4976,4,Centro-Oeste,Região 02 - Entre Rios,-29.405,-54.836
431306,Nova Hartz,20558,1,Metropolitana,Região 07 - Vale dos Sinos,-29.586,-50.904
431308,Nova Pádua,2389,5,Serra,Região 26 - Uva Vale,-29.03,-51.307
431310,Nova Palma,5676,4,Centro-Oeste,Região 01 - Verdes Campos,-29.473,-53.471
431320,Nova Petrópolis,23934,5,Serra,Região 23 - Caxias e Hortênsias,-29.376,-51.107
431330,Nova Prata,26637,5,Serra,Região 25 - Vinhedos e Basalto,-28.784,-51.609
431333,Nova Ramada,2198,17,Missioneira,Região 13 - Diversidade,-28.083,-53.707
431335,Nova Roma do Sul,3545,5,Serra,Região 26 - Uva Vale,-28.985,-51.405
431337,Nova Santa Rita,30189,1,Metropolitana,Região 08 - Vale do Caí e Metropolitana,-29.849,-51.275
431349,Novo Barreiro,4375,15,Norte,Região 20 - Rota da Produção,-27.907,-53.114
431339,Novo Cabrais,3633,8,Vales,Região 27 - Jacuí Centro,-29.736,-52.955
431340,Novo Hamburgo,235802,1,Metropolitana,Região 07 - Vale dos Sinos,-29.686,-51.129
431342,Novo Machado,3239,14,Missioneira,Região 14 - Fronteira Noroeste,-27.578,-54.503
431344,Novo Tiradentes,2187,2,Norte,Região 15 - Caminho das Águas,-27.564,-53.186
431346,Novo Xingu,1677,15,Norte,Região 20 - Rota da Produção,-27.748,-53.064
431350,Osório,48999,18,Metropolitana,Região 05 - Bons Ventos,-29.893,-50.267
431360,Paim Filho,3685,6,Norte,Região 18 - Araucárias,-27.703,-51.762
431365,Palmares do Sul,13189,18,Metropolitana,Região 05 - Bons Ventos,-30.26,-50.506
431370,Palmeira das Missões,34227,15,Norte,Região 20 - Rota da Produção,-27.901,-53.315
431380,Palmitinho,8042,2,Norte,Região 15 - Caminho das Águas,-27.356,-53.556
431390,Panambi,45102,17,Missioneira,Região 13 - Diversidade,-28.293,-53.5
431395,Pantano Grande,10443,13,Vales,Região 28 - Vale do Rio Pardo,-30.195,-52.374
431400,Paraí,7362,5,Serra,Região 25 - Vinhedos e Basalto,-28.6,-51.782
431402,Paraíso do Sul,6627,4,Centro-Oeste,Região 01 - Verdes Campos,-29.731,-53.179
431403,Pareci Novo,4441,1,Metropolitana,Região 08 - Vale do Caí e Metropolitana,-29.639,-51.399
431405,Parobé,53569,1,Metropolitana,Região 06 - Vale do Paranhana e Costa Serra,-29.632,-50.835
431406,Passa Sete,4024,8,Vales,Região 27 - Jacuí Centro,-29.452,-52.964
431407,Passo do Sobrado,6155,13,Vales,Região 28 - Vale do Rio Pardo,-29.746,-52.279
431410,Passo Fundo,214811,6,Norte,Região 17 - Planalto,-28.262,-52.407
431413,Paulo Bento,2188,11,Norte,Região 16 - Alto Uruguai Gaúcho,-27.704,-52.422
431415,Paverama,8146,16,Vales,Região 30 - Vale da Luz,-29.555,-51.73
431417,Pedras Altas,2099,3,Sul,Região 21 - Sul,-31.734,-53.587
431420,Pedro Osório,7631,3,Sul,Região 21 - Sul,-31.864,-52.826
431430,Pejuçara,3817,17,Missioneira,Região 13 - Diversidade,-28.422,-53.657
431440,Pelotas,336150,3,Sul,Região 21 - Sul,-31.72,-52.344
431442,Picada Café,5473,5,Serra,Região 23 - Caxias e Hortênsias,-29.454,-51.064
431445,Pinhal,3039,2,Norte,Região 15 - Caminho das Águas,-27.512,-53.215
431446,Pinhal da Serra,2300,5,Serra,Região 24 - Campos de Cima da Serra,-27.877,-51.17
431447,Pinhal Grande,3861,4,Centro-Oeste,Região 01 - Verdes Campos,-29.335,-53.339
431449,Pinheirinho do Vale,4638,2,Norte,Região 15 - Caminho das Águas,-27.21,-53.62
431450,Pinheiro Machado,11395,3,Sul,Região 21 - Sul,-31.581,-53.385
431454,Pinto Bandeira,2785,5,Serra,Região 25 - Vinhedos e Basalto,-290.978,-514.503
431455,Pirapó,2255,12,Missioneira,Região 11 - Sete Povos das Missões,-28.045,-55.2
431460,Piratini,17770,3,Sul,Região 21 - Sul,-31.444,-53.105
431470,Planalto,10624,2,Norte,Região 15 - Caminho das Águas,-27.332,-53.059
431475,Poço das Antas,2224,16,Vales,Região 30 - Vale da Luz,-29.455,-51.671
431477,Pontão,3345,6,Norte,Região 17 - Planalto,-28.062,-52.675
431478,Ponte Preta,1602,11,Norte,Região 16 - Alto Uruguai Gaúcho,-27.657,-52.49
431480,Portão,35273,1,Metropolitana,Região 07 - Vale dos Sinos,-29.696,-51.23
431490,Porto Alegre,1388794,1,Metropolitana,Região 10 - Capital e Vale do Gravataí,-30.03,-51.229
431500,Porto Lucena,4414,14,Missioneira,Região 14 - Fronteira Noroeste,-27.851,-55.012
431505,Porto Mauá,2173,14,Missioneira,Região 14 - Fronteira Noroeste,-27.579,-54.672
431507,Porto Vera Cruz,1582,14,Missioneira,Região 14 - Fronteira Noroeste,-27.734,-54.899
431510,Porto Xavier,10127,12,Missioneira,Região 11 - Sete Povos das Missões,-27.906,-55.14
431513,Pouso Novo,1771,16,Vales,Região 29 - Vales e Montanhas,-29.17,-52.211
431514,Presidente Lucena,3166,1,Metropolitana,Região 07 - Vale dos Sinos,-29.526,-51.182
431515,Progresso,5423,16,Vales,Região 29 - Vales e Montanhas,-29.24,-52.302
431517,Protásio Alves,2070,5,Serra,Região 25 - Vinhedos e Basalto,-28.757,-51.474
431520,Putinga,3809,16,Vales,Região 29 - Vales e Montanhas,-28.999,-52.16
431530,Quaraí,23995,10,Centro-Oeste,Região 03 - Fronteira Oeste,-30.383,-56.454
431531,Quatro Irmãos,1577,11,Norte,Região 16 - Alto Uruguai Gaúcho,-27.821,-52.443
431532,Quevedos,2553,4,Centro-Oeste,Região 01 - Verdes Campos,-29.352,-54.071
431535,Quinze de Novembro,4003,9,Missioneira,Região 12 - Portal das Missões,-28.742,-53.097
431540,Redentora,9931,15,Norte,Região 20 - Rota da Produção,-27.662,-53.642
431545,Relvado,1826,16,Vales,Região 29 - Vales e Montanhas,-29.112,-52.073
431550,Restinga Seca,15205,4,Centro-Oeste,Região 01 - Verdes Campos,-29.814,-53.371
431555,Rio dos Índios,2866,11,Norte,Região 16 - Alto Uruguai Gaúcho,-27.298,-52.84
431560,Rio Grande,198935,3,Sul,Região 21 - Sul,-32.05,-52.087
431570,Rio Pardo,35641,13,Vales,Região 28 - Vale do Rio Pardo,-29.986,-52.379
431575,Riozinho,4574,1,Metropolitana,Região 06 - Vale do Paranhana e Costa Serra,-29.642,-50.474
431580,Roca Sales,10646,16,Vales,Região 29 - Vales e Montanhas,-29.285,-51.864
431590,Rodeio Bonito,6831,2,Norte,Região 15 - Caminho das Águas,-27.47,-53.169
431595,Rolador,2330,12,Missioneira,Região 11 - Sete Povos das Missões,-28.256,-54.819
431600,Rolante,21752,1,Metropolitana,Região 06 - Vale do Paranhana e Costa Serra,-29.641,-50.573
431610,Ronda Alta,9969,15,Norte,Região 20 - Rota da Produção,-27.782,-52.807
431620,Rondinha,5078,15,Norte,Região 20 - Rota da Produção,-27.832,-52.906
431630,Roque Gonzales,6693,12,Missioneira,Região 11 - Sete Povos das Missões,-28.135,-55.029
431640,Rosário do Sul,37674,10,Centro-Oeste,Região 03 - Fronteira Oeste,-30.244,-54.946
431642,Sagrada Família,2528,15,Norte,Região 20 - Rota da Produção,-27.707,-53.136
431643,Saldanha Marinho,2619,9,Missioneira,Região 12 - Portal das Missões,-28.403,-53.094
431645,Salto do Jacuí,10357,9,Missioneira,Região 12 - Portal das Missões,-29.089,-53.213
431647,Salvador das Missões,2955,12,Missioneira,Região 11 - Sete Povos das Missões,-28.122,-54.838
431650,Salvador do Sul,7184,1,Metropolitana,Região 08 - Vale do Caí e Metropolitana,-29.44,-51.509
431660,Sananduva,16770,6,Norte,Região 18 - Araucárias,-27.944,-51.814
431710,Sant'Ana do Livramento,87329,10,Centro-Oeste,Região 03 - Fronteira Oeste,-30.889,-55.535
431670,Santa Bárbara do Sul,8269,9,Missioneira,Região 12 - Portal das Missões,-28.365,-53.251
431673,Santa Cecília do Sul,1710,6,Norte,Região 18 - Araucárias,-28.165,-51.927
431675,Santa Clara do Sul,7079,16,Vales,Região 29 - Vales e Montanhas,-29.464,-52.081
431680,Santa Cruz do Sul,138270,13,Vales,Região 28 - Vale do Rio Pardo,-29.72,-52.43
431697,Santa Margarida do Sul,2661,10,Centro-Oeste,Região 03 - Fronteira Oeste,-30.345,-54.091
431690,Santa Maria,282395,4,Centro-Oeste,Região 01 - Verdes Campos,-29.686,-53.809
431695,Santa Maria do Herval,6486,1,Metropolitana,Região 07 - Vale dos Sinos,-29.504,-50.987
431720,Santa Rosa,79488,14,Missioneira,Região 14 - Fronteira Noroeste,-27.867,-54.478
431725,Santa Tereza,1529,5,Serra,Região 25 - Vinhedos e Basalto,-29.172,-51.734
431730,Santa Vitória do Palmar,31965,3,Sul,Região 21 - Sul,-33.52,-53.367
431700,Santana da Boa Vista,7128,3,Sul,Região 21 - Sul,-30.875,-53.116
431740,Santiago,50336,4,Centro-Oeste,Região 02 - Entre Rios,-29.192,-54.869
431750,Santo Ângelo,79146,12,Missioneira,Região 11 - Sete Povos das Missões,-28.302,-54.264
431760,Santo Antônio da Patrulha,44431,18,Metropolitana,Região 05 - Bons Ventos,-29.832,-50.521
431770,Santo Antônio das Missões,10485,12,Missioneira,Região 11 - Sete Povos das Missões,-28.508,-55.225
431755,Santo Antônio do Palma,2134,6,Norte,Região 17 - Planalto,-28.497,-52.025
431775,Santo Antônio do Planalto,2138,6,Norte,Região 17 - Planalto,-28.396,-52.684
431780,Santo Augusto,14196,17,Missioneira,Região 13 - Diversidade,-27.854,-53.779
431790,Santo Cristo,15667,14,Missioneira,Região 14 - Fronteira Noroeste,-27.82,-54.669
431795,Santo Expedito do Sul,2395,6,Norte,Região 18 - Araucárias,-27.909,-51.644
431800,São Borja,61311,12,Missioneira,Região 11 - Sete Povos das Missões,-28.663,-56.001
431805,São Domingos do Sul,2806,6,Norte,Região 17 - Planalto,-28.532,-51.893
431810,São Francisco de Assis,17934,4,Centro-Oeste,Região 02 - Entre Rios,-29.553,-55.132
431820,São Francisco de Paula,22388,1,Metropolitana,Região 06 - Vale do Paranhana e Costa Serra,-29.444,-50.582
431830,São Gabriel,60090,10,Centro-Oeste,Região 03 - Fronteira Oeste,-30.337,-54.321
431840,São Jerônimo,21412,1,Metropolitana,Região 09 - Carbonífera/Costa Doce,-29.959,-51.728
431842,São João da Urtiga,4547,6,Norte,Região 18 - Araucárias,-27.827,-51.826
431843,São João do Polêsine,2708,4,Centro-Oeste,Região 01 - Verdes Campos,-29.615,-53.446
431844,São Jorge,2976,5,Serra,Região 25 - Vinhedos e Basalto,-28.498,-51.703
431845,São José das Missões,2399,15,Norte,Região 20 - Rota da Produção,-27.778,-53.119
431846,São José do Herval,1931,16,Vales,Região 29 - Vales e Montanhas,-29.041,-52.293
431848,São José do Hortêncio,4555,1,Metropolitana,Região 07 - Vale dos Sinos,-29.54,-51.25
431849,São José do Inhacorá,2466,14,Missioneira,Região 14 - Fronteira Noroeste,-27.723,-54.134
431850,São José do Norte,26248,3,Sul,Região 21 - Sul,-32.021,-52.034
431860,São José do Ouro,6978,6,Norte,Região 18 - Araucárias,-27.771,-51.595
431861,São José do Sul,2443,1,Metropolitana,Região 08 - Vale do Caí e Metropolitana,-29.544,-51.486
431862,São José dos Ausentes,4295,5,Serra,Região 24 - Campos de Cima da Serra,-28.75,-50.064
431870,São Leopoldo,225737,1,Metropolitana,Região 07 - Vale dos Sinos,-29.766,-51.146
431880,São Lourenço do Sul,43278,3,Sul,Região 21 - Sul,-31.364,-51.977
431890,São Luiz Gonzaga,35865,12,Missioneira,Região 11 - Sete Povos das Missões,-28.407,-54.96
431900,São Marcos,21549,5,Serra,Região 26 - Uva Vale,-28.97,-51.067
431910,São Martinho,5587,17,Missioneira,Região 13 - Diversidade,-27.709,-53.967
431912,São Martinho da Serra,2908,4,Centro-Oeste,Região 01 - Verdes Campos,-29.535,-53.854
431915,São Miguel das Missões,7193,12,Missioneira,Região 11 - Sete Povos das Missões,-28.55,-54.562
431920,São Nicolau,5243,12,Missioneira,Região 11 - Sete Povos das Missões,-28.182,-55.26
431930,São Paulo das Missões,5943,14,Missioneira,Região 14 - Fronteira Noroeste,-28.021,-54.935
431935,São Pedro da Serra,3618,1,Metropolitana,Região 08 - Vale do Caí e Metropolitana,-29.421,-51.514
431936,São Pedro das Missões,1790,15,Norte,Região 20 - Rota da Produção,-27.771,-53.247
431937,São Pedro do Butiá,3142,12,Missioneira,Região 11 - Sete Povos das Missões,-28.124,-54.888
431940,São Pedro do Sul,15863,4,Centro-Oeste,Região 01 - Verdes Campos,-29.618,-54.18
431950,São Sebastião do Caí,24898,1,Metropolitana,Região 08 - Vale do Caí e Metropolitana,-29.592,-51.377
431960,São Sepé,21551,4,Centro-Oeste,Região 01 - Verdes Campos,-30.167,-53.57
431970,São Valentim,3320,11,Norte,Região 16 - Alto Uruguai Gaúcho,-27.554,-52.529
431971,São Valentim do Sul,2255,16,Vales,Região 29 - Vales e Montanhas,-29.051,-51.77
431973,São Valério do Sul,2593,17,Missioneira,Região 13 - Diversidade,-27.788,-53.936
431975,São Vendelino,2309,5,Serra,Região 26 - Uva Vale,-29.376,-51.369
431980,São Vicente do Sul,8257,4,Centro-Oeste,Região 02 - Entre Rios,-29.692,-54.676
431990,Sapiranga,77935,1,Metropolitana,Região 07 - Vale dos Sinos,-29.639,-51.004
432000,Sapucaia do Sul,136572,1,Metropolitana,Região 08 - Vale do Caí e Metropolitana,-29.825,-51.152
432010,Sarandi,23374,15,Norte,Região 20 - Rota da Produção,-27.944,-52.926
432020,Seberi,12325,2,Norte,Região 15 - Caminho das Águas,-27.48,-53.406
432023,Sede Nova,2750,17,Missioneira,Região 13 - Diversidade,-27.631,-53.956
432026,Segredo,6098,8,Vales,Região 27 - Jacuí Centro,-29.343,-52.982
432030,Selbach,5222,9,Missioneira,Região 12 - Portal das Missões,-28.627,-52.957
432032,Senador Salgado Filho,2725,14,Missioneira,Região 14 - Fronteira Noroeste,-28.028,-54.545
432035,Sentinela do Sul,5424,1,Metropolitana,Região 09 - Carbonífera/Costa Doce,-30.613,-51.578
432040,Serafina Corrêa,17407,6,Norte,Região 17 - Planalto,-28.711,-51.936
432045,Sério,2089,16,Vales,Região 29 - Vales e Montanhas,-29.387,-52.268
432050,Sertão,5630,6,Norte,Região 17 - Planalto,-27.981,-52.26
432055,Sertão Santana,5989,1,Metropolitana,Região 09 - Carbonífera/Costa Doce,-30.465,-51.604
432057,Sete de Setembro,1881,12,Missioneira,Região 11 - Sete Povos das Missões,-28.13,-54.464
432060,Severiano de Almeida,3463,11,Norte,Região 16 - Alto Uruguai Gaúcho,-27.433,-52.121
432065,Silveira Martins,2056,4,Centro-Oeste,Região 01 - Verdes Campos,-29.645,-53.585
432067,Sinimbu,8685,13,Vales,Região 28 - Vale do Rio Pardo,-29.529,-52.522
432070,Sobradinho,14512,8,Vales,Região 27 - Jacuí Centro,-29.415,-53.025
432080,Soledade,30939,6,Norte,Região 19 - Botucaraí,-28.828,-52.51
432085,Tabaí,4569,1,Metropolitana,Região 08 - Vale do Caí e Metropolitana,-29.688,-51.728
432090,Tapejara,25256,6,Norte,Região 18 - Araucárias,-28.084,-52.022
432100,Tapera,10824,6,Norte,Região 19 - Botucaraí,-28.625,-52.872
432110,Tapes,14920,1,Metropolitana,Região 09 - Carbonífera/Costa Doce,-30.673,-51.395
432120,Taquara,54353,1,Metropolitana,Região 06 - Vale do Paranhana e Costa Serra,-29.651,-50.781
432130,Taquari,25963,16,Vales,Região 30 - Vale da Luz,-29.803,-51.863
432132,Taquaruçu do Sul,3192,2,Norte,Região 15 - Caminho das Águas,-27.398,-53.467
432135,Tavares,5319,18,Metropolitana,Região 05 - Bons Ventos,-31.289,-51.089
432140,Tenente Portela,14820,2,Norte,Região 15 - Caminho das Águas,-27.372,-53.757
432143,Terra de Areia,10575,18,Metropolitana,Região 04 - Belas Praias,-29.578,-50.067
432145,Teutônia,34023,16,Vales,Região 30 - Vale da Luz,-29.489,-51.813
432146,Tio Hugo,3358,6,Norte,Região 19 - Botucaraí,-28.581,-52.593
432147,Tiradentes do Sul,5188,2,Norte,Região 15 - Caminho das Águas,-27.397,-54.085
432149,Toropi,2594,4,Centro-Oeste,Região 01 - Verdes Campos,-29.472,-54.228
432150,Torres,43344,18,Metropolitana,Região 04 - Belas Praias,-29.336,-49.73
432160,Tramandaí,56430,18,Metropolitana,Região 05 - Bons Ventos,-29.987,-50.13
432162,Travesseiro,2192,16,Vales,Região 29 - Vales e Montanhas,-29.299,-52.058
432163,Três Arroios,2636,11,Norte,Região 16 - Alto Uruguai Gaúcho,-27.5,-52.15
432166,Três Cachoeiras,11224,18,Metropolitana,Região 04 - Belas Praias,-29.446,-49.916
432170,Três Coroas,24428,1,Metropolitana,Região 06 - Vale do Paranhana e Costa Serra,-29.517,-50.783
432180,Três de Maio,25466,14,Missioneira,Região 14 - Fronteira Noroeste,-27.78,-54.235
432183,Três Forquilhas,2813,18,Metropolitana,Região 04 - Belas Praias,-29.538,-50.064
432185,Três Palmeiras,4829,15,Norte,Região 20 - Rota da Produção,-27.618,-52.844
432190,Três Passos,26304,2,Norte,Região 15 - Caminho das Águas,-27.456,-53.93
432195,Trindade do Sul,7785,15,Norte,Região 20 - Rota da Produção,-27.518,-52.892
432200,Triunfo,28435,1,Metropolitana,Região 08 - Vale do Caí e Metropolitana,-29.945,-51.715
432210,Tucunduva,5646,14,Missioneira,Região 14 - Fronteira Noroeste,-27.65,-54.433
432215,Tunas,3732,6,Norte,Região 19 - Botucaraí,-29.106,-52.957
432218,Tupanci do Sul,1396,6,Norte,Região 18 - Araucárias,-27.926,-51.541
432220,Tupanciretã,20324,4,Centro-Oeste,Região 01 - Verdes Campos,-29.078,-53.841
432225,Tupandi,5172,1,Metropolitana,Região 08 - Vale do Caí e Metropolitana,-29.488,-51.42
432230,Tuparendi,8535,14,Missioneira,Região 14 - Fronteira Noroeste,-27.754,-54.479
432232,Turuçu,3488,3,Sul,Região 21 - Sul,-31.412,-52.171
432234,Ubiretama,2025,12,Missioneira,Região 11 - Sete Povos das Missões,-28.044,-54.685
432235,União da Serra,1183,5,Serra,Região 25 - Vinhedos e Basalto,-28.78,-52
432237,Unistalda,2047,4,Centro-Oeste,Região 02 - Entre Rios,-29.048,-55.151
432240,Uruguaiana,120819,10,Centro-Oeste,Região 03 - Fronteira Oeste,-29.76,-57.082
432250,Vacaria,66146,5,Serra,Região 24 - Campos de Cima da Serra,-28.502,-50.937
432253,Vale do Sol,10069,13,Vales,Região 28 - Vale do Rio Pardo,-29.609,-52.681
432254,Vale Real,6223,5,Serra,Região 26 - Uva Vale,-29.392,-51.251
432252,Vale Verde,3213,13,Vales,Região 28 - Vale do Rio Pardo,-29.783,-52.18
432255,Vanini,2047,6,Norte,Região 17 - Planalto,-28.476,-51.845
432260,Venâncio Aires,70842,13,Vales,Região 28 - Vale do Rio Pardo,-29.612,-52.192
432270,Vera Cruz,27670,13,Vales,Região 28 - Vale do Rio Pardo,-29.72,-52.501
432280,Veranópolis,24554,5,Serra,Região 25 - Vinhedos e Basalto,-28.934,-51.552
432285,Vespasiano Correa,1851,16,Vales,Região 29 - Vales e Montanhas,-29.07,-51.86
432290,Viadutos,4847,11,Norte,Região 16 - Alto Uruguai Gaúcho,-27.571,-52.024
432300,Viamão,231996,1,Metropolitana,Região 10 - Capital e Vale do Gravataí,-30.082,-51.025
432310,Vicente Dutra,4741,2,Norte,Região 15 - Caminho das Águas,-27.168,-53.402
432320,Victor Graeff,2829,6,Norte,Região 17 - Planalto,-28.56,-52.748
432330,Vila Flores,3741,5,Serra,Região 25 - Vinhedos e Basalto,-28.863,-51.55
432335,Vila Lângaro,2121,6,Norte,Região 18 - Araucárias,-28.107,-52.147
432340,Vila Maria,4515,6,Norte,Região 17 - Planalto,-28.533,-52.164
432345,Vila Nova do Sul,3932,4,Centro-Oeste,Região 01 - Verdes Campos,-30.334,-53.879
432350,Vista Alegre,2710,2,Norte,Região 15 - Caminho das Águas,-27.37,-53.492
432360,Vista Alegre do Prata,1624,5,Serra,Região 25 - Vinhedos e Basalto,-28.81,-51.786
432370,Vista Gaúcha,2843,2,Norte,Região 15 - Caminho das Águas,-27.29,-53.701
432375,Vitória das Missões,3316,12,Missioneira,Região 11 - Sete Povos das Missões,-28.352,-54.499
432377,Westfalia,3223,16,Vales,Região 30 - Vale da Luz,-29.423,-51.766
432380,Xangri-lá,16949,18,Metropolitana,Região 04 - Belas Praias,-29.805,-50.039
