<?xml version="1.0"?>
<!--<!DOCTYPE metadata SYSTEM "http://www.esri.com/metadata/esriprof80.dtd">-->
<metadata xml:lang="pt"><Esri><CreaDate>20130517</CreaDate><CreaTime>11143000</CreaTime><SyncOnce>FALSE</SyncOnce><SyncDate>20150616</SyncDate><SyncTime>12235800</SyncTime><ModDate>20150616</ModDate><ModTime>12235800</ModTime><DataProperties><lineage><Process Name="Dissolve_1" ToolSource="C:\Arquivos de programas\ArcGIS\ArcToolbox\Toolboxes\Data Management Tools.tbx\Dissolve" Date="20110801" Time="181656">Dissolve pinto C:\0MAURO\DADOS_CARTOGRAFICOS\DADOS_RS\pinto_Dissolve.shp # # MULTI_PART</Process><Process Name="Merge_3" ToolSource="C:\Arquivos de programas\ArcGIS\ArcToolbox\Toolboxes\Data Management Tools.tbx\Merge" Date="20110804" Time="163805">Merge pinto1;bento;RS497wgs84 D:\DADOS_CARTOGRAFICOS\DADOS_RS\IBGE\2007_500\pinto1_Merge.shp "GEOCODIGO GEOCODIGO true false false 254 Text 0 0 ,First,#,pinto1,GEOCODIGO,-1,-1,bento,GEOCODIGO,-1,-1,RS497wgs84,GEOCODIGO,-1,-1;NOME NOME true false false 254 Text 0 0 ,First,#,pinto1,NOME,-1,-1,bento,NOME,-1,-1,RS497wgs84,NOME,-1,-1;UF UF true false false 254 Text 0 0 ,First,#,pinto1,UF,-1,-1,bento,UF,-1,-1,RS497wgs84,UF,-1,-1;ID_UF ID_UF true false false 254 Text 0 0 ,First,#,pinto1,ID_UF,-1,-1,bento,ID_UF,-1,-1,RS497wgs84,ID_UF,-1,-1;REGIAO REGIAO true false false 254 Text 0 0 ,First,#,pinto1,REGIAO,-1,-1,bento,REGIAO,-1,-1,RS497wgs84,REGIAO,-1,-1;MESOREGIAO MESOREGIAO true false false 254 Text 0 0 ,First,#,pinto1,MESOREGIAO,-1,-1,bento,MESOREGIAO,-1,-1,RS497wgs84,MESOREGIAO,-1,-1;MICROREGIA MICROREGIA true false false 254 Text 0 0 ,First,#,pinto1,MICROREGIA,-1,-1,bento,MICROREGIA,-1,-1,RS497wgs84,MICROREGIA,-1,-1;LATIDUDE LATIDUDE true false false 19 Double 5 18 ,First,#,pinto1,LATIDUDE,-1,-1;LONGITUDE LONGITUDE true false false 19 Double 5 18 ,First,#,pinto1,LONGITUDE,-1,-1,bento,LONGITUDE,-1,-1,RS497wgs84,LONGITUDE,-1,-1;SEDE SEDE true false false 254 Text 0 0 ,First,#,pinto1,SEDE,-1,-1,bento,SEDE,-1,-1,RS497wgs84,SEDE,-1,-1;LATITUDE LATITUDE true false false 19 Double 5 18 ,First,#,bento,LATITUDE,-1,-1,RS497wgs84,LATITUDE,-1,-1"</Process><Process Name="FeatureClassToFeatureClass_2" ToolSource="C:\Arquivos de programas\ArcGIS\ArcToolbox\Toolboxes\Conversion Tools.tbx\FeatureClassToFeatureClass" Date="20130517" Time="121847">FeatureClassToFeatureClass F:\DADOS_CARTOGRAFICOS\2013_RS\MUNICIPIOS_2013.shp F:\DADOS_CARTOGRAFICOS\2013_RS\RS_CRS.mdb MUNICIPIOS # "GEOCODIGO GEOCODIGO true false false 254 Text 0 0 ,First,#,F:\DADOS_CARTOGRAFICOS\2013_RS\MUNICIPIOS_2013.shp,GEOCODIGO,-1,-1;NOME NOME true false false 254 Text 0 0 ,First,#,F:\DADOS_CARTOGRAFICOS\2013_RS\MUNICIPIOS_2013.shp,NOME,-1,-1;MESOREGIAO MESOREGIAO true false false 254 Text 0 0 ,First,#,F:\DADOS_CARTOGRAFICOS\2013_RS\MUNICIPIOS_2013.shp,MESOREGIAO,-1,-1;MICROREGIA MICROREGIA true false false 254 Text 0 0 ,First,#,F:\DADOS_CARTOGRAFICOS\2013_RS\MUNICIPIOS_2013.shp,MICROREGIA,-1,-1;LATIDUDE LATIDUDE true false false 19 Double 5 18 ,First,#,F:\DADOS_CARTOGRAFICOS\2013_RS\MUNICIPIOS_2013.shp,LATIDUDE,-1,-1;LONGITUDE LONGITUDE true false false 19 Double 5 18 ,First,#,F:\DADOS_CARTOGRAFICOS\2013_RS\MUNICIPIOS_2013.shp,LONGITUDE,-1,-1;SEDE SEDE true false false 254 Text 0 0 ,First,#,F:\DADOS_CARTOGRAFICOS\2013_RS\MUNICIPIOS_2013.shp,SEDE,-1,-1;LATITUDE LATITUDE true false false 19 Double 5 18 ,First,#,F:\DADOS_CARTOGRAFICOS\2013_RS\MUNICIPIOS_2013.shp,LATITUDE,-1,-1;SEDE_CRS SEDE_CRS true false false 50 Text 0 0 ,First,#,F:\DADOS_CARTOGRAFICOS\2013_RS\MUNICIPIOS_2013.shp,SEDE_CRS,-1,-1;CRS CRS true false false 4 Short 0 4 ,First,#,F:\DADOS_CARTOGRAFICOS\2013_RS\MUNICIPIOS_2013.shp,CRS,-1,-1;REGIAO REGIAO true false false 4 Short 0 4 ,First,#,F:\DADOS_CARTOGRAFICOS\2013_RS\MUNICIPIOS_2013.shp,REGIAO,-1,-1;NOMEREGIAO NOMEREGIAO true false false 70 Text 0 0 ,First,#,F:\DADOS_CARTOGRAFICOS\2013_RS\MUNICIPIOS_2013.shp,NOMEREGIAO,-1,-1" # F:\DADOS_CARTOGRAFICOS\2013_RS\RS_CRS.mdb\MUNICIPIOS</Process><Process Name="FeatureClassToFeatureClass_1" ToolSource="C:\Arquivos de programas\ArcGIS\ArcToolbox\Toolboxes\Conversion Tools.tbx\FeatureClassToFeatureClass" Date="20150616" Time="122402">FeatureClassToFeatureClass "C:\0ESTAGIO\BASE DE DADOS\MAPEAMENTO_RS_2014\RS_CRS_V2.mdb\MUNICIPIOS" "E:\Planilhas CIT 2013" rs.shp # "GEOCODIGO GEOCODIGO true true false 254 Text 0 0 ,First,#,C:\0ESTAGIO\BASE DE DADOS\MAPEAMENTO_RS_2014\RS_CRS_V2.mdb\MUNICIPIOS,GEOCODIGO,-1,-1;NOME NOME true true false 254 Text 0 0 ,First,#,C:\0ESTAGIO\BASE DE DADOS\MAPEAMENTO_RS_2014\RS_CRS_V2.mdb\MUNICIPIOS,NOME,-1,-1;SEDE_CRS SEDE_CRS true true false 50 Text 0 0 ,First,#,C:\0ESTAGIO\BASE DE DADOS\MAPEAMENTO_RS_2014\RS_CRS_V2.mdb\MUNICIPIOS,SEDE_CRS,-1,-1;CRS CRS true true false 2 Short 0 0 ,First,#,C:\0ESTAGIO\BASE DE DADOS\MAPEAMENTO_RS_2014\RS_CRS_V2.mdb\MUNICIPIOS,CRS,-1,-1;REGIAO REGIAO true true false 2 Short 0 0 ,First,#,C:\0ESTAGIO\BASE DE DADOS\MAPEAMENTO_RS_2014\RS_CRS_V2.mdb\MUNICIPIOS,REGIAO,-1,-1;NOMEREGIAO NOMEREGIAO true true false 70 Text 0 0 ,First,#,C:\0ESTAGIO\BASE DE DADOS\MAPEAMENTO_RS_2014\RS_CRS_V2.mdb\MUNICIPIOS,NOMEREGIAO,-1,-1;Shape_Leng Shape_Length false true true 8 Double 0 0 ,First,#,C:\0ESTAGIO\BASE DE DADOS\MAPEAMENTO_RS_2014\RS_CRS_V2.mdb\MUNICIPIOS,Shape_Length,-1,-1;Shape_Area Shape_Area false true true 8 Double 0 0 ,First,#,C:\0ESTAGIO\BASE DE DADOS\MAPEAMENTO_RS_2014\RS_CRS_V2.mdb\MUNICIPIOS,Shape_Area,-1,-1;IBGE6 IBGE6 true true false 6 Text 0 0 ,First,#,C:\0ESTAGIO\BASE DE DADOS\MAPEAMENTO_RS_2014\RS_CRS_V2.mdb\MUNICIPIOS,IBGE6,-1,-1" # "E:\Planilhas CIT 2013\rs.shp"</Process></lineage></DataProperties><MetaID>{086FEBA7-CA92-45C0-9469-1D8FCB24B89C}</MetaID></Esri><idinfo><native Sync="TRUE">Microsoft Windows XP Version 5.1 (Build 2600) Service Pack 3; ESRI ArcCatalog 9.2.6.1500</native><descript><langdata Sync="TRUE">pt</langdata><abstract>REQUIRED: A brief narrative summary of the data set.</abstract><purpose>REQUIRED: A summary of the intentions with which the data set was developed.</purpose></descript><citation><citeinfo><origin>REQUIRED: The name of an organization or individual that developed the data set.</origin><pubdate>REQUIRED: The date when the data set is published or otherwise made available for release.</pubdate><title Sync="TRUE">rs</title><ftname Sync="TRUE">rs</ftname><geoform Sync="TRUE">vector digital data</geoform><onlink Sync="TRUE">\\SES-CVS-5699\E\Planilhas CIT 2013\rs.shp</onlink></citeinfo></citation><timeperd><current>REQUIRED: The basis on which the time period of content information is determined.</current><timeinfo><sngdate><caldate>REQUIRED: The year (and optionally month, or month and day) for which the data set corresponds to the ground.</caldate></sngdate></timeinfo></timeperd><status><progress>REQUIRED: The state of the data set.</progress><update>REQUIRED: The frequency with which changes and additions are made to the data set after the initial data set is completed.</update></status><spdom><bounding><westbc Sync="TRUE">REQUIRED: Western-most coordinate of the limit of coverage expressed in longitude.</westbc><eastbc Sync="TRUE">REQUIRED: Eastern-most coordinate of the limit of coverage expressed in longitude.</eastbc><northbc Sync="TRUE">REQUIRED: Northern-most coordinate of the limit of coverage expressed in latitude.</northbc><southbc Sync="TRUE">REQUIRED: Southern-most coordinate of the limit of coverage expressed in latitude.</southbc></bounding></spdom><keywords><theme><themekt>REQUIRED: Reference to a formally registered thesaurus or a similar authoritative source of theme keywords.</themekt><themekey>REQUIRED: Common-use word or phrase used to describe the subject of the data set.</themekey></theme></keywords><accconst>REQUIRED: Restrictions and legal prerequisites for accessing the data set.</accconst><useconst>REQUIRED: Restrictions and legal prerequisites for using the data set after access is granted.</useconst><natvform Sync="TRUE">Shapefile</natvform></idinfo><dataIdInfo><envirDesc Sync="TRUE">Microsoft Windows XP Version 5.1 (Build 2600) Service Pack 3; ESRI ArcCatalog 9.2.6.1500</envirDesc><dataLang><languageCode Sync="TRUE" value="pt"></languageCode></dataLang><idCitation><resTitle Sync="TRUE">rs</resTitle><presForm><PresFormCd Sync="TRUE" value="005"></PresFormCd></presForm></idCitation><spatRpType><SpatRepTypCd Sync="TRUE" value="001"></SpatRepTypCd></spatRpType></dataIdInfo><metainfo><langmeta Sync="TRUE">pt</langmeta><metstdn Sync="TRUE">FGDC Content Standards for Digital Geospatial Metadata</metstdn><metstdv Sync="TRUE">FGDC-STD-001-1998</metstdv><mettc Sync="TRUE">local time</mettc><metc><cntinfo><cntorgp><cntper>REQUIRED: The person responsible for the metadata information.</cntper><cntorg>REQUIRED: The organization responsible for the metadata information.</cntorg></cntorgp><cntaddr><addrtype>REQUIRED: The mailing and/or physical address for the organization or individual.</addrtype><city>REQUIRED: The city of the address.</city><state>REQUIRED: The state or province of the address.</state><postal>REQUIRED: The ZIP or other postal code of the address.</postal></cntaddr><cntvoice>REQUIRED: The telephone number by which individuals can speak to the organization or individual.</cntvoice></cntinfo></metc><metd Sync="TRUE">20150616</metd><metextns><onlink Sync="TRUE">http://www.esri.com/metadata/esriprof80.html</onlink><metprof Sync="TRUE">ESRI Metadata Profile</metprof></metextns></metainfo><mdLang><languageCode Sync="TRUE" value="pt"></languageCode></mdLang><mdStanName Sync="TRUE">ISO 19115 Geographic Information - Metadata</mdStanName><mdStanVer Sync="TRUE">DIS_ESRI1.0</mdStanVer><mdChar><CharSetCd Sync="TRUE" value="004"></CharSetCd></mdChar><mdHrLv><ScopeCd Sync="TRUE" value="005"></ScopeCd></mdHrLv><mdHrLvName Sync="TRUE">dataset</mdHrLvName><distinfo><resdesc Sync="TRUE">Downloadable Data</resdesc><stdorder><digform><digtinfo><transize Sync="TRUE">0,000</transize><dssize Sync="TRUE">0,000</dssize></digtinfo></digform></stdorder></distinfo><distInfo><distributor><distorTran><onLineSrc><orDesc Sync="TRUE">002</orDesc><linkage Sync="TRUE">file://\\SES-CVS-5699\E\Planilhas CIT 2013\rs.shp</linkage><protocol Sync="TRUE">Local Area Network</protocol></onLineSrc><transSize Sync="TRUE">0,000</transSize></distorTran><distorFormat><formatName Sync="TRUE">Shapefile</formatName></distorFormat></distributor></distInfo><spdoinfo><direct Sync="TRUE">Vector</direct><ptvctinf><esriterm Name="rs"><efeatyp Sync="TRUE">Simple</efeatyp><efeageom Sync="TRUE">Polygon</efeageom><esritopo Sync="TRUE">FALSE</esritopo><efeacnt Sync="TRUE">0</efeacnt><spindex Sync="TRUE">FALSE</spindex><linrefer Sync="TRUE">FALSE</linrefer></esriterm><sdtsterm Name="rs"><sdtstype Sync="TRUE">G-polygon</sdtstype><ptvctcnt Sync="TRUE">0</ptvctcnt></sdtsterm></ptvctinf></spdoinfo><spatRepInfo><VectSpatRep><topLvl><TopoLevCd Sync="TRUE" value="001"></TopoLevCd></topLvl><geometObjs Name="rs"><geoObjTyp><GeoObjTypCd Sync="TRUE" value="001"></GeoObjTypCd></geoObjTyp><geoObjCnt Sync="TRUE">0</geoObjCnt></geometObjs></VectSpatRep></spatRepInfo><eainfo><detailed Name="rs"><enttyp><enttypl Sync="TRUE">rs</enttypl><enttypt Sync="TRUE">Feature Class</enttypt><enttypc Sync="TRUE">0</enttypc></enttyp><attr><attrlabl Sync="TRUE">NOME</attrlabl><attalias Sync="TRUE">NOME</attalias><attrtype Sync="TRUE">String</attrtype><attwidth Sync="TRUE">254</attwidth></attr><attr><attrlabl Sync="TRUE">GEOCODIGO</attrlabl><attalias Sync="TRUE">GEOCODIGO</attalias><attrtype Sync="TRUE">String</attrtype><attwidth Sync="TRUE">254</attwidth></attr><attr><attrlabl Sync="TRUE">REGIAO</attrlabl><attalias Sync="TRUE">REGIAO</attalias><attrtype Sync="TRUE">String</attrtype><attwidth Sync="TRUE">254</attwidth></attr><attr><attrlabl Sync="TRUE">SEDE_CRS</attrlabl><attalias Sync="TRUE">SEDE_CRS</attalias><attrtype Sync="TRUE">String</attrtype><attwidth Sync="TRUE">254</attwidth></attr><attr><attrlabl Sync="TRUE">CRS</attrlabl><attalias Sync="TRUE">CRS</attalias><attrtype Sync="TRUE">String</attrtype><attwidth Sync="TRUE">50</attwidth></attr><attr><attrlabl Sync="TRUE">NOMEREGIAO</attrlabl><attalias Sync="TRUE">NOMEREGIAO</attalias><attrtype Sync="TRUE">Number</attrtype><attwidth Sync="TRUE">4</attwidth></attr><attr><attrlabl Sync="TRUE">Shape_Area</attrlabl><attalias Sync="TRUE">Shape_Area</attalias><attrtype Sync="TRUE">Number</attrtype><attwidth Sync="TRUE">4</attwidth><attrdef Sync="TRUE">Area of feature in internal units squared.</attrdef><attrdefs Sync="TRUE">ESRI</attrdefs><attrdomv><udom Sync="TRUE">Positive real numbers that are automatically generated.</udom></attrdomv></attr><attr><attrlabl Sync="TRUE">FID</attrlabl><attalias Sync="TRUE">FID</attalias><attrtype Sync="TRUE">String</attrtype><attwidth Sync="TRUE">70</attwidth><attrdef Sync="TRUE">Internal feature number.</attrdef><attrdefs Sync="TRUE">ESRI</attrdefs><attrdomv><udom Sync="TRUE">Sequential unique whole numbers that are automatically generated.</udom></attrdomv></attr><attr><attrlabl Sync="TRUE">Shape</attrlabl><attalias Sync="TRUE">Shape</attalias><attrtype Sync="TRUE">Float</attrtype><attwidth Sync="TRUE">19</attwidth><attrdef Sync="TRUE">Feature geometry.</attrdef><attrdefs Sync="TRUE">ESRI</attrdefs><attrdomv><udom Sync="TRUE">Coordinates defining the features.</udom></attrdomv><atnumdec Sync="TRUE">11</atnumdec></attr><attr><attrlabl Sync="TRUE">Shape_Leng</attrlabl><attalias Sync="TRUE">Shape_Leng</attalias><attrtype Sync="TRUE">Float</attrtype><attwidth Sync="TRUE">19</attwidth><atnumdec Sync="TRUE">11</atnumdec></attr><attr><attrlabl Sync="TRUE">IBGE6</attrlabl><attalias Sync="TRUE">IBGE6</attalias><attrtype Sync="TRUE">String</attrtype><attwidth Sync="TRUE">6</attwidth></attr></detailed></eainfo><mdDateSt Sync="TRUE">20150616</mdDateSt><dataqual><lineage><procstep><procdesc Sync="TRUE">Dataset copied.</procdesc><srcused Sync="TRUE"></srcused><date Sync="TRUE">20110804</date><time Sync="TRUE">16200800</time></procstep><procstep><procdesc Sync="TRUE">Dataset copied.</procdesc><srcused Sync="TRUE"></srcused><date Sync="TRUE">20110804</date><time Sync="TRUE">16332800</time></procstep><procstep><procdesc Sync="TRUE">Conjunto de Dados copiado.</procdesc><srcused Sync="TRUE"></srcused><date Sync="TRUE">20130517</date><time Sync="TRUE">11143000</time></procstep></lineage></dataqual><spref><horizsys><cordsysn><geogcsn Sync="TRUE">GCS_WGS_1984</geogcsn></cordsysn><geograph><geogunit Sync="TRUE">Decimal degrees</geogunit><latres Sync="TRUE">0.000000</latres><longres Sync="TRUE">0.000000</longres></geograph><geodetic><horizdn Sync="TRUE">D_WGS_1984</horizdn><ellips Sync="TRUE">WGS_1984</ellips><semiaxis Sync="TRUE">6378137.000000</semiaxis><denflat Sync="TRUE">298.257224</denflat></geodetic></horizsys></spref><refSysInfo><RefSystem><refSysID><identCode Sync="TRUE">GCS_WGS_1984</identCode></refSysID></RefSystem></refSysInfo></metadata>
